,Name,Email
0,GenericUser,
1,GenericUser,
2,GenericUser,
3,GenericUser,
4,GenericUser,
5,AnotherUser,
6,AnotherUser,
7,GenericUser,
8,GenericUser,
9,GenericUser,
10,GenericUser,
11,GenericUser,
12,GenericUser,
13,GenericUser,
14,GenericUser,
15,GenericUser,
16,GenericUser,
17,GenericUser,
18,GenericUser,
19,GenericUser,
20,GenericUser,
21,GenericUser,
22,GenericUser,
23,GenericUser,
24,GenericUser,
25,GenericUser,
26,GenericUser,
27,GenericUser,
28,GenericUser,
29,GenericUser,
30,GenericUser,
31,GenericUser,
32,GenericUser,
33,GenericUser,
34,GenericUser,
35,GenericUser,
36,GenericUser,
37,GenericUser,
38,GenericUser,
39,GenericUser,
40,GenericUser,
41,GenericUser,
42,GenericUser,
43,GenericUser,
44,GenericUser,
45,GenericUser,
46,GenericUser,
47,GenericUser,
48,GenericUser,
49,GenericUser,
50,GenericUser,
51,GenericUser,
52,SHfkerw;rjef;jew,lgjfldsgjfd@mgeklga.vjrwkf
53,Name Name,name@name.com
54,Abc Def,abc@gmail.com
